{
  "date": "2022-06-29T17:30:54.684Z",
  "body": "Bolsas pequenas são itens para serem utilizados em ambientes onde uma certa formalidade é exigida. Portanto, devem ser combinadas com sagacidade à peças de roupas, evitando looks com muitas informações de moda.\n\n![](/img/uploads/bolsa-pequena.webp)\n\nPelo tamanho reduzido, estes artigos podem comportar poucos objetos. Para te ajudar a escolher o que levar na sua bolsa, vamos dar algumas dicas:\n\n1 . Caso seja imprescindível levar o celular, confira se a bolsa escolhida possui um tamanho adequado para o seu aparelho. Caso não seja absolutamente necessário levar o telefone, deixe-o em casa e aproveite momentos offline.\n\n2 . As chaves de casa ou do carro são itens indispensáveis, mas cuidado para não danificar a parte interna da sua bolsa.  \n\n3 . A grande maioria das carteiras não possuem um tamanho adaptado para bolsas pequenas. Invista em pequenos porta documentos e cartões para minimizar o espaço ocupado por estes itens.\n\n4 . Produtos de pele, maquiagem e cabelo que, normalmente, temos à mão em bolsas maiores não cabem em uma bolsa pequena. Neste caso, eleja um ou dois que são de uso contínuo, como lip balms e cremes em embalagens menores.\n\nAlguns modelos Bárbara Vital Official são pequenos, como a Mini Nastro e a Mini Oro. Ambas estão disponíveis em cores variadas e são a adição perfeita para o seu visual, agregando elegância e sofisticação.",
  "title": "5 itens indispensáveis para levar em bolsas pequenas",
  "sections": [
    {
      "type": "breadcrumbs",
      "enabled": true
    },
    {
      "type": "blog-post",
      "enabled": true
    },
    {
      "type": "collection-shelf",
      "shuffle": false,
      "limit": 12,
      "page": 1,
      "collection_id": "62979094ac0cb4200ffa2f9e:categories:Mini:/categoria/bolsas/subcategoria/mini"
    }
  ]
}