{
  "date": "2022-06-29T17:32:22.862Z",
  "description": "",
  "body": "O visual casual-chic ganhou outros contornos nas últimas temporadas e a configuração atual está mais próxima da praticidade exigida pela rotina. Mas isso não significa que os traços finos e sofisticados foram descartados!\n\nUm exemplo é o uso das mochilas de luxo. Artigos versáteis e mais adequados para o trabalho ou ocasiões informais, as it-bags ganharam destaque ao serem amplamente utilizadas por celebridades como Gigi Hadid, Bella Hadid, Rihanna e Kylie Jenner. Marcas como Versace, Valentino e Moschino apostaram no acessório para as passarelas.\n\nO uso no trabalho já se tornou constante. Mochilas de couro, resistentes e elegantes, podem ser usadas vastamente no ambiente corporativo. Ademais, são uma informação de moda relevante, que pode agregar um toque de modernidade ao mais simples dos looks empresariais.\n\nVariando os tamanhos, as mochilas podem ser: grandes, para levar itens como laptops; médias, que comportam perfeitamente bem seus objetos de uso constante e mais alguns; ou pequenas, para levar apenas o indispensável.\n\nO modelo Città, já disponível na online store Bárbara Vital Official, é um deslumbrante modelo de mochila de luxo que veio para somar à sua rotina mais praticidade e elegância.\n\nNos tons marrom e preto, a it-bag é ideal para integrar seu visual em todos os ambientes informais. Para as mulheres que adoram inovar e ousar, a mochila vermelha é um item indispensável, que pode ser o foco de cor do look.\n\nNão espere mais para adquirir a sua!",
  "title": "A tendência do uso de mochilas de luxo",
  "thumbnail": "/img/uploads/mochilas-de-uxo.webp"
}