{
  "title": "Dicas Para Estilo Sexy",
  "date": "2019-05-16T16:01:40.618Z",
  "thumbnail": "/img/uploads/551095833219478619.webp",
  "description": "Dicas de estilo com Thais Giordano.\n\nQuer se vestir de uma forma mais sexy e não sabe como? Veja as dicas que a consultora de moda Thais Giordano tem para te dar!\n\n",
  "body": "![tricotandolaw](/img/uploads/tricoland-law.jpeg)\n\nA Thais está usando a bolsa Lusso, na cor da pink. Um arraso, não é?\\\nA Lusso pode ser usada como clutch, assim como a Thais está usando, e pode também ser usada com a alça longa que acompanha a bolsa.\n\nAmamos versatilidade!",
  "meta_title": "",
  "meta_description": ""
}