{
  "meta_title": "",
  "meta_description": "",
  "sections": [
    {
      "type": "banner-slider",
      "autoplay": 9000,
      "full_width": true,
      "slides": [
        {
          "start": "",
          "end": "",
          "img": "/img/uploads/489-524.png",
          "mobile_img": "/img/uploads/489-524.png"
        },
        {
          "start": "",
          "end": "",
          "img": "/img/uploads/490-524.png",
          "mobile_img": "/img/uploads/490-524.png"
        },
        {
          "start": "",
          "end": "",
          "img": "/img/uploads/491-524.png",
          "mobile_img": "/img/uploads/491-524.png"
        },
        {
          "start": "",
          "end": "",
          "img": "/img/uploads/492-524.png",
          "mobile_img": "/img/uploads/492-524.png"
        }
      ]
    },
    {
      "type": "brands-carousel",
      "limit": 24,
      "offset": 0,
      "sort": "name"
    },
    {
      "type": "collection-shelf",
      "shuffle": true,
      "collection_id": null,
      "sort": "offers",
      "title": "Escolha sua Bolsa",
      "headless": false,
      "limit": 12,
      "page": 1
    },
    {
      "type": "collection-shelf",
      "shuffle": false,
      "limit": 12,
      "page": 1,
      "collection_id": "62978be6ac0cb4200ffa2018:categories:New In:/categoria/new-in"
    },
    {
      "type": "collection-shelf",
      "shuffle": false,
      "limit": 12,
      "page": 1,
      "sort": "sales",
      "title": "Best Sellers"
    },
    {
      "type": "custom-content",
      "markdown": "<a id=\"instaHome\" href=\"https://www.instagram.com/barbaravitalofficial\" target=\"_blank\"><i class=\"i-instagram\"></i><span id=\"nomeInsta\"> @barbaravitalofficial</span></a>"
    },
    {
      "type": "custom-content",
      "markdown": "<iframe src=\"https://snapwidget.com/embed/918299\" class=\"snapwidget-widget\" allowtransparency=\"true\" frameborder=\"0\" scrolling=\"no\" style=\"border:none; overflow:hidden;  width:1200px; height:400px\"></iframe>"
    }
  ]
}